<?xml version="1.0" encoding="UTF-8"?>
<project-private xmlns="http://www.netbeans.org/ns/project-private/1">
    <editor-bookmarks xmlns="http://www.netbeans.org/ns/editor-bookmarks/2" lastBookmarkId="0"/>
    <open-files xmlns="http://www.netbeans.org/ns/projectui-open-files/2">
        <group>
            <file>file:/C:/Users/stoja/OneDrive/Documents/IS1/Article-Shop/Subsystem2/src/java/rs/ac/bg/etf/is1/entities/Article.java</file>
            <file>file:/C:/Users/stoja/OneDrive/Documents/IS1/Article-Shop/Subsystem2/src/java/rs/ac/bg/etf/is1/subsystem2/ChangeArticlePriceHandler.java</file>
            <file>file:/C:/Users/stoja/OneDrive/Documents/IS1/Article-Shop/Subsystem2/src/java/rs/ac/bg/etf/is1/subsystem2/AddArticleAmountInCartHandler.java</file>
            <file>file:/C:/Users/stoja/OneDrive/Documents/IS1/Article-Shop/Subsystem2/src/java/rs/ac/bg/etf/is1/entities/Incart.java</file>
            <file>file:/C:/Users/stoja/OneDrive/Documents/IS1/Article-Shop/Subsystem2/src/java/rs/ac/bg/etf/is1/commands/GetAllArticlesThatUserSellsCommand.java</file>
            <file>file:/C:/Users/stoja/OneDrive/Documents/IS1/Article-Shop/Subsystem2/src/java/rs/ac/bg/etf/is1/subsystem2/ChangeDiscountForArticleHandler.java</file>
            <file>file:/C:/Users/stoja/OneDrive/Documents/IS1/Article-Shop/Subsystem2/src/java/rs/ac/bg/etf/is1/subsystem2/GetAllItemsInCartForUserHandler.java</file>
            <file>file:/C:/Users/stoja/OneDrive/Documents/IS1/Article-Shop/Subsystem2/src/java/rs/ac/bg/etf/is1/subsystem2/Subsystem2.java</file>
            <file>file:/C:/Users/stoja/OneDrive/Documents/IS1/Article-Shop/Subsystem2/src/java/rs/ac/bg/etf/is1/subsystem2/GetCategoriesHandler.java</file>
            <file>file:/C:/Users/stoja/OneDrive/Documents/IS1/Article-Shop/Subsystem2/src/java/rs/ac/bg/etf/is1/subsystem2/CreateArticleHandler.java</file>
            <file>file:/C:/Users/stoja/OneDrive/Documents/IS1/Article-Shop/Subsystem2/src/java/rs/ac/bg/etf/is1/subsystem2/GetAllArticlesThatUserSellsHandler.java</file>
            <file>file:/C:/Users/stoja/OneDrive/Documents/IS1/Article-Shop/Subsystem2/src/java/rs/ac/bg/etf/is1/commands/AddArticleAmountInCartCommand.java</file>
        </group>
    </open-files>
</project-private>
