<?xml version="1.0" encoding="UTF-8"?>
<project-private xmlns="http://www.netbeans.org/ns/project-private/1">
    <editor-bookmarks xmlns="http://www.netbeans.org/ns/editor-bookmarks/2" lastBookmarkId="0"/>
    <open-files xmlns="http://www.netbeans.org/ns/projectui-open-files/2">
        <group>
            <file>file:/C:/Users/stoja/OneDrive/Documents/IS1/Article-Shop/Client/src/rs/ac/bg/etf/is1/client/Main.java</file>
            <file>file:/C:/Users/stoja/OneDrive/Documents/IS1/Article-Shop/Client/src/rs/ac/bg/etf/is1/client/rest/ArticleRest.java</file>
            <file>file:/C:/Users/stoja/OneDrive/Documents/IS1/Article-Shop/Client/src/rs/ac/bg/etf/is1/client/GetCategoriesRequest.java</file>
            <file>file:/C:/Users/stoja/OneDrive/Documents/IS1/Article-Shop/Client/src/rs/ac/bg/etf/is1/client/ChangeArticlePriceRequest.java</file>
            <file>file:/C:/Users/stoja/OneDrive/Documents/IS1/Article-Shop/Client/src/rs/ac/bg/etf/is1/client/GetAllArticlesThatUserSellsRequest.java</file>
        </group>
    </open-files>
</project-private>
